{
    "key": "group_63a95377b523b",
    "title": "Page settings - Show Panel",
    "fields": [
        {
            "key": "field_63a9537facc80",
            "label": "Section management",
            "name": "page_show_panel",
            "type": "flexible_content",
            "instructions": "",
            "required": 0,
            "conditional_logic": 0,
            "wrapper": {
                "width": "",
                "class": "",
                "id": ""
            },
            "layouts": {
                "layout_63a953a410381": {
                    "key": "layout_63a953a410381",
                    "name": "sec-about",
                    "label": "Section - About THE SHOWER PANEL",
                    "display": "block",
                    "sub_fields": [
                        {
                            "key": "field_63a9595fc2267",
                            "label": "Section title",
                            "name": "section_title",
                            "type": "text",
                            "instructions": "",
                            "required": 0,
                            "conditional_logic": 0,
                            "wrapper": {
                                "width": "",
                                "class": "",
                                "id": ""
                            },
                            "default_value": "",
                            "placeholder": "",
                            "prepend": "",
                            "append": "",
                            "maxlength": ""
                        },
                        {
                            "key": "field_63a95968c2268",
                            "label": "Content",
                            "name": "content",
                            "type": "wysiwyg",
                            "instructions": "",
                            "required": 0,
                            "conditional_logic": 0,
                            "wrapper": {
                                "width": "50",
                                "class": "",
                                "id": ""
                            },
                            "default_value": "",
                            "tabs": "all",
                            "toolbar": "full",
                            "media_upload": 1,
                            "delay": 0
                        },
                        {
                            "key": "field_63a959a1c2269",
                            "label": "Thumbnail",
                            "name": "thumbnail",
                            "type": "image",
                            "instructions": "",
                            "required": 0,
                            "conditional_logic": 0,
                            "wrapper": {
                                "width": "50",
                                "class": "",
                                "id": ""
                            },
                            "return_format": "array",
                            "preview_size": "medium",
                            "library": "all",
                            "min_width": "",
                            "min_height": "",
                            "min_size": "",
                            "max_width": "",
                            "max_height": "",
                            "max_size": "",
                            "mime_types": ""
                        }
                    ],
                    "min": "",
                    "max": ""
                },
                "layout_63a959afc226a": {
                    "key": "layout_63a959afc226a",
                    "name": "sec-features",
                    "label": "Section - The Features & Benefits",
                    "display": "block",
                    "sub_fields": [
                        {
                            "key": "field_63a959e4c226b",
                            "label": "Section title",
                            "name": "section_title",
                            "type": "text",
                            "instructions": "",
                            "required": 0,
                            "conditional_logic": 0,
                            "wrapper": {
                                "width": "",
                                "class": "",
                                "id": ""
                            },
                            "default_value": "",
                            "placeholder": "",
                            "prepend": "",
                            "append": "",
                            "maxlength": ""
                        },
                        {
                            "key": "field_63a959fac226c",
                            "label": "Video thumbnail",
                            "name": "video_thumbnail",
                            "type": "image",
                            "instructions": "",
                            "required": 0,
                            "conditional_logic": 0,
                            "wrapper": {
                                "width": "",
                                "class": "",
                                "id": ""
                            },
                            "return_format": "array",
                            "preview_size": "medium",
                            "library": "all",
                            "min_width": "",
                            "min_height": "",
                            "min_size": "",
                            "max_width": "",
                            "max_height": "",
                            "max_size": "",
                            "mime_types": ""
                        },
                        {
                            "key": "field_63a95a14c226d",
                            "label": "Video",
                            "name": "video",
                            "type": "file",
                            "instructions": "",
                            "required": 0,
                            "conditional_logic": 0,
                            "wrapper": {
                                "width": "",
                                "class": "",
                                "id": ""
                            },
                            "return_format": "url",
                            "library": "all",
                            "min_size": "",
                            "max_size": "",
                            "mime_types": "webm,mp4"
                        }
                    ],
                    "min": "",
                    "max": ""
                },
                "layout_63a95b7ec226f": {
                    "key": "layout_63a95b7ec226f",
                    "name": "sec-collection",
                    "label": "Section - Collection",
                    "display": "block",
                    "sub_fields": [
                        {
                            "key": "field_63a95bb5c2270",
                            "label": "Section title",
                            "name": "section_title",
                            "type": "text",
                            "instructions": "",
                            "required": 0,
                            "conditional_logic": 0,
                            "wrapper": {
                                "width": "",
                                "class": "",
                                "id": ""
                            },
                            "default_value": "",
                            "placeholder": "",
                            "prepend": "",
                            "append": "",
                            "maxlength": ""
                        },
                        {
                            "key": "field_63a95bbac2271",
                            "label": "Section description",
                            "name": "desc",
                            "type": "textarea",
                            "instructions": "",
                            "required": 0,
                            "conditional_logic": 0,
                            "wrapper": {
                                "width": "",
                                "class": "",
                                "id": ""
                            },
                            "default_value": "",
                            "placeholder": "",
                            "maxlength": "",
                            "rows": "",
                            "new_lines": ""
                        },
                        {
                            "key": "field_63aacf69e0e82",
                            "label": "Display collections",
                            "name": "display_collections",
                            "type": "taxonomy",
                            "instructions": "",
                            "required": 0,
                            "conditional_logic": 0,
                            "wrapper": {
                                "width": "",
                                "class": "",
                                "id": ""
                            },
                            "taxonomy": "collection",
                            "field_type": "multi_select",
                            "allow_null": 0,
                            "add_term": 0,
                            "save_terms": 0,
                            "load_terms": 0,
                            "return_format": "object",
                            "multiple": 0
                        }
                    ],
                    "min": "",
                    "max": ""
                },
                "layout_63aacfc7a4e41": {
                    "key": "layout_63aacfc7a4e41",
                    "name": "sec-installation",
                    "label": "Section - Installation",
                    "display": "block",
                    "sub_fields": [
                        {
                            "key": "field_63aacfd2a4e42",
                            "label": "Section title",
                            "name": "section_title",
                            "type": "text",
                            "instructions": "",
                            "required": 0,
                            "conditional_logic": 0,
                            "wrapper": {
                                "width": "",
                                "class": "",
                                "id": ""
                            },
                            "default_value": "",
                            "placeholder": "",
                            "prepend": "",
                            "append": "",
                            "maxlength": ""
                        },
                        {
                            "key": "field_63aacfdba4e43",
                            "label": "Content blocks",
                            "name": "content_blocks",
                            "type": "repeater",
                            "instructions": "",
                            "required": 0,
                            "conditional_logic": 0,
                            "wrapper": {
                                "width": "",
                                "class": "",
                                "id": ""
                            },
                            "collapsed": "",
                            "min": 0,
                            "max": 0,
                            "layout": "table",
                            "button_label": "",
                            "sub_fields": [
                                {
                                    "key": "field_63aacff9a4e44",
                                    "label": "Thumbnail",
                                    "name": "thumbnail",
                                    "type": "image",
                                    "instructions": "",
                                    "required": 0,
                                    "conditional_logic": 0,
                                    "wrapper": {
                                        "width": "",
                                        "class": "",
                                        "id": ""
                                    },
                                    "return_format": "array",
                                    "preview_size": "medium",
                                    "library": "all",
                                    "min_width": "",
                                    "min_height": "",
                                    "min_size": "",
                                    "max_width": "",
                                    "max_height": "",
                                    "max_size": "",
                                    "mime_types": ""
                                },
                                {
                                    "key": "field_63aad001a4e45",
                                    "label": "Title",
                                    "name": "title",
                                    "type": "text",
                                    "instructions": "",
                                    "required": 0,
                                    "conditional_logic": 0,
                                    "wrapper": {
                                        "width": "",
                                        "class": "",
                                        "id": ""
                                    },
                                    "default_value": "",
                                    "placeholder": "",
                                    "prepend": "",
                                    "append": "",
                                    "maxlength": ""
                                },
                                {
                                    "key": "field_63aad00ba4e46",
                                    "label": "Description",
                                    "name": "desc",
                                    "type": "textarea",
                                    "instructions": "",
                                    "required": 0,
                                    "conditional_logic": 0,
                                    "wrapper": {
                                        "width": "",
                                        "class": "",
                                        "id": ""
                                    },
                                    "default_value": "",
                                    "placeholder": "",
                                    "maxlength": "",
                                    "rows": "",
                                    "new_lines": ""
                                }
                            ]
                        }
                    ],
                    "min": "",
                    "max": ""
                },
                "layout_646589a78406a": {
                    "key": "layout_646589a78406a",
                    "name": "sec-general-sec",
                    "label": "Section - General sections",
                    "display": "block",
                    "sub_fields": [
                        {
                            "key": "field_64658a4d8406b",
                            "label": "Select a general section",
                            "name": "select_a_general_section",
                            "type": "select",
                            "instructions": "Select an available section from Website Settings -> General settings",
                            "required": 0,
                            "conditional_logic": 0,
                            "wrapper": {
                                "width": "",
                                "class": "",
                                "id": ""
                            },
                            "choices": {
                                "sec-roomvo": "Roomvo section"
                            },
                            "default_value": false,
                            "allow_null": 0,
                            "multiple": 0,
                            "ui": 0,
                            "return_format": "value",
                            "ajax": 0,
                            "placeholder": ""
                        }
                    ],
                    "min": "",
                    "max": ""
                }
            },
            "button_label": "Add Section",
            "min": "",
            "max": ""
        }
    ],
    "location": [
        [
            {
                "param": "page_template",
                "operator": "==",
                "value": "templates\/page-shower-panel.php"
            }
        ]
    ],
    "menu_order": 0,
    "position": "normal",
    "style": "default",
    "label_placement": "top",
    "instruction_placement": "label",
    "hide_on_screen": "",
    "active": true,
    "description": "",
    "show_in_rest": 0,
    "modified": 1684377076
}