{
    "key": "group_639984621a9ac",
    "title": "Page settings - Homepage",
    "fields": [
        {
            "key": "field_6399864cb79ec",
            "label": "Home sections",
            "name": "home_sections",
            "type": "flexible_content",
            "instructions": "",
            "required": 0,
            "conditional_logic": 0,
            "wrapper": {
                "width": "",
                "class": "",
                "id": ""
            },
            "layouts": {
                "layout_63998665c145a": {
                    "key": "layout_63998665c145a",
                    "name": "sec-collection",
                    "label": "Section - Collection",
                    "display": "block",
                    "sub_fields": [
                        {
                            "key": "field_639fd4d02d205",
                            "label": "Collections",
                            "name": "collections",
                            "type": "repeater",
                            "instructions": "",
                            "required": 0,
                            "conditional_logic": 0,
                            "wrapper": {
                                "width": "",
                                "class": "",
                                "id": ""
                            },
                            "collapsed": "",
                            "min": 0,
                            "max": 0,
                            "layout": "table",
                            "button_label": "Add new collection",
                            "sub_fields": [
                                {
                                    "key": "field_63998718b79ed",
                                    "label": "Thumbnail",
                                    "name": "thumbnail",
                                    "type": "image",
                                    "instructions": "",
                                    "required": 0,
                                    "conditional_logic": 0,
                                    "wrapper": {
                                        "width": "",
                                        "class": "",
                                        "id": ""
                                    },
                                    "return_format": "array",
                                    "preview_size": "medium",
                                    "library": "all",
                                    "min_width": "",
                                    "min_height": "",
                                    "min_size": "",
                                    "max_width": "",
                                    "max_height": "",
                                    "max_size": "",
                                    "mime_types": ""
                                },
                                {
                                    "key": "field_63998741b79ee",
                                    "label": "Bottom title",
                                    "name": "bottom_title",
                                    "type": "text",
                                    "instructions": "",
                                    "required": 0,
                                    "conditional_logic": 0,
                                    "wrapper": {
                                        "width": "",
                                        "class": "",
                                        "id": ""
                                    },
                                    "default_value": "",
                                    "placeholder": "",
                                    "prepend": "",
                                    "append": "",
                                    "maxlength": ""
                                },
                                {
                                    "key": "field_63998746b79ef",
                                    "label": "Hover box",
                                    "name": "hover_box",
                                    "type": "group",
                                    "instructions": "",
                                    "required": 0,
                                    "conditional_logic": 0,
                                    "wrapper": {
                                        "width": "",
                                        "class": "",
                                        "id": ""
                                    },
                                    "layout": "block",
                                    "sub_fields": [
                                        {
                                            "key": "field_6399878cb79f0",
                                            "label": "Title",
                                            "name": "title",
                                            "type": "text",
                                            "instructions": "",
                                            "required": 0,
                                            "conditional_logic": 0,
                                            "wrapper": {
                                                "width": "",
                                                "class": "",
                                                "id": ""
                                            },
                                            "default_value": "",
                                            "placeholder": "",
                                            "prepend": "",
                                            "append": "",
                                            "maxlength": ""
                                        },
                                        {
                                            "key": "field_63998796b79f1",
                                            "label": "Description",
                                            "name": "description",
                                            "type": "textarea",
                                            "instructions": "",
                                            "required": 0,
                                            "conditional_logic": 0,
                                            "wrapper": {
                                                "width": "",
                                                "class": "",
                                                "id": ""
                                            },
                                            "default_value": "",
                                            "placeholder": "",
                                            "maxlength": "",
                                            "rows": "",
                                            "new_lines": ""
                                        },
                                        {
                                            "key": "field_639987abb79f2",
                                            "label": "Button text",
                                            "name": "button_text",
                                            "type": "text",
                                            "instructions": "",
                                            "required": 0,
                                            "conditional_logic": 0,
                                            "wrapper": {
                                                "width": "",
                                                "class": "",
                                                "id": ""
                                            },
                                            "default_value": "",
                                            "placeholder": "",
                                            "prepend": "",
                                            "append": "",
                                            "maxlength": ""
                                        },
                                        {
                                            "key": "field_639987b2b79f3",
                                            "label": "Button link",
                                            "name": "button_link",
                                            "type": "page_link",
                                            "instructions": "",
                                            "required": 0,
                                            "conditional_logic": 0,
                                            "wrapper": {
                                                "width": "",
                                                "class": "",
                                                "id": ""
                                            },
                                            "post_type": [
                                                "page"
                                            ],
                                            "taxonomy": "",
                                            "allow_null": 0,
                                            "allow_archives": 1,
                                            "multiple": 0
                                        }
                                    ]
                                }
                            ]
                        }
                    ],
                    "min": "",
                    "max": ""
                },
                "layout_63998817106a6": {
                    "key": "layout_63998817106a6",
                    "name": "sec-video",
                    "label": "Section - Video",
                    "display": "block",
                    "sub_fields": [
                        {
                            "key": "field_6399881e106a7",
                            "label": "Poster",
                            "name": "poster_url",
                            "type": "image",
                            "instructions": "",
                            "required": 0,
                            "conditional_logic": 0,
                            "wrapper": {
                                "width": "",
                                "class": "",
                                "id": ""
                            },
                            "return_format": "url",
                            "preview_size": "medium",
                            "library": "all",
                            "min_width": "",
                            "min_height": "",
                            "min_size": "",
                            "max_width": "",
                            "max_height": "",
                            "max_size": "",
                            "mime_types": ""
                        },
                        {
                            "key": "field_63998832106a8",
                            "label": "Video",
                            "name": "video_url",
                            "type": "file",
                            "instructions": "Please upload video within 1 of 2 formats: webm or mp4",
                            "required": 0,
                            "conditional_logic": 0,
                            "wrapper": {
                                "width": "",
                                "class": "",
                                "id": ""
                            },
                            "return_format": "url",
                            "library": "all",
                            "min_size": "",
                            "max_size": "",
                            "mime_types": "webm,mp4"
                        }
                    ],
                    "min": "",
                    "max": ""
                },
                "layout_63998b0a648de": {
                    "key": "layout_63998b0a648de",
                    "name": "sec-content",
                    "label": "Section - Content",
                    "display": "block",
                    "sub_fields": [
                        {
                            "key": "field_639fd92d1c02c",
                            "label": "Section title",
                            "name": "section_title",
                            "type": "text",
                            "instructions": "",
                            "required": 0,
                            "conditional_logic": 0,
                            "wrapper": {
                                "width": "",
                                "class": "",
                                "id": ""
                            },
                            "default_value": "",
                            "placeholder": "",
                            "prepend": "",
                            "append": "",
                            "maxlength": ""
                        },
                        {
                            "key": "field_63998b56648df",
                            "label": "Features",
                            "name": "features",
                            "type": "repeater",
                            "instructions": "",
                            "required": 0,
                            "conditional_logic": 0,
                            "wrapper": {
                                "width": "",
                                "class": "",
                                "id": ""
                            },
                            "collapsed": "",
                            "min": 0,
                            "max": 0,
                            "layout": "block",
                            "button_label": "Add new feature",
                            "sub_fields": [
                                {
                                    "key": "field_63998bb6648e0",
                                    "label": "Feature title",
                                    "name": "feature_title",
                                    "type": "text",
                                    "instructions": "",
                                    "required": 0,
                                    "conditional_logic": 0,
                                    "wrapper": {
                                        "width": "50",
                                        "class": "",
                                        "id": ""
                                    },
                                    "default_value": "",
                                    "placeholder": "",
                                    "prepend": "",
                                    "append": "",
                                    "maxlength": ""
                                },
                                {
                                    "key": "field_63998c06648e1",
                                    "label": "Brand Comparison",
                                    "name": "brand_comparison",
                                    "type": "repeater",
                                    "instructions": "",
                                    "required": 0,
                                    "conditional_logic": 0,
                                    "wrapper": {
                                        "width": "50",
                                        "class": "",
                                        "id": ""
                                    },
                                    "collapsed": "",
                                    "min": 0,
                                    "max": 0,
                                    "layout": "table",
                                    "button_label": "Add new brand",
                                    "sub_fields": [
                                        {
                                            "key": "field_63998c3c648e2",
                                            "label": "Brand name",
                                            "name": "brand_name",
                                            "type": "text",
                                            "instructions": "",
                                            "required": 0,
                                            "conditional_logic": 0,
                                            "wrapper": {
                                                "width": "",
                                                "class": "",
                                                "id": ""
                                            },
                                            "default_value": "",
                                            "placeholder": "",
                                            "prepend": "",
                                            "append": "",
                                            "maxlength": ""
                                        },
                                        {
                                            "key": "field_63998c44648e3",
                                            "label": "Does this brand has this feature?",
                                            "name": "has_this_feature",
                                            "type": "true_false",
                                            "instructions": "",
                                            "required": 0,
                                            "conditional_logic": 0,
                                            "wrapper": {
                                                "width": "",
                                                "class": "",
                                                "id": ""
                                            },
                                            "message": "",
                                            "default_value": 0,
                                            "ui": 0,
                                            "ui_on_text": "",
                                            "ui_off_text": ""
                                        }
                                    ]
                                }
                            ]
                        }
                    ],
                    "min": "",
                    "max": ""
                },
                "layout_6465990705650": {
                    "key": "layout_6465990705650",
                    "name": "sec-general-sec",
                    "label": "Section - General sections",
                    "display": "block",
                    "sub_fields": [
                        {
                            "key": "field_6465991205651",
                            "label": "Select a general section",
                            "name": "select_a_general_section",
                            "type": "select",
                            "instructions": "Select an available section from Website Settings -> General settings",
                            "required": 0,
                            "conditional_logic": 0,
                            "wrapper": {
                                "width": "",
                                "class": "",
                                "id": ""
                            },
                            "choices": {
                                "sec-roomvo": "Roomvo section"
                            },
                            "default_value": false,
                            "allow_null": 0,
                            "multiple": 0,
                            "ui": 0,
                            "return_format": "value",
                            "ajax": 0,
                            "placeholder": ""
                        }
                    ],
                    "min": "",
                    "max": ""
                }
            },
            "button_label": "Add Section",
            "min": "",
            "max": ""
        }
    ],
    "location": [
        [
            {
                "param": "page_type",
                "operator": "==",
                "value": "front_page"
            }
        ]
    ],
    "menu_order": 0,
    "position": "normal",
    "style": "default",
    "label_placement": "top",
    "instruction_placement": "label",
    "hide_on_screen": "",
    "active": true,
    "description": "",
    "show_in_rest": 0,
    "modified": 1684379977
}