{
    "key": "group_638f079d184d8",
    "title": "Theme Settings",
    "fields": [
        {
            "key": "field_64534f9db70d4",
            "label": "General settings",
            "name": "",
            "type": "tab",
            "instructions": "",
            "required": 0,
            "conditional_logic": 0,
            "wrapper": {
                "width": "",
                "class": "",
                "id": ""
            },
            "placement": "left",
            "endpoint": 0
        },
        {
            "key": "field_64534fb0b70d5",
            "label": "Default homepage",
            "name": "default_homepage",
            "type": "post_object",
            "instructions": "Set custom page to become a homepage (as temporary)",
            "required": 0,
            "conditional_logic": 0,
            "wrapper": {
                "width": "",
                "class": "",
                "id": ""
            },
            "post_type": [
                "page"
            ],
            "taxonomy": "",
            "allow_null": 1,
            "multiple": 0,
            "return_format": "id",
            "ui": 1
        },
        {
            "key": "field_64658c544ec8b",
            "label": "General Sections",
            "name": "general_sections",
            "type": "flexible_content",
            "instructions": "These sections will be used repeatedly in many places throughout the pages.",
            "required": 0,
            "conditional_logic": 0,
            "wrapper": {
                "width": "",
                "class": "",
                "id": ""
            },
            "layouts": {
                "layout_64658c6c04ebf": {
                    "key": "layout_64658c6c04ebf",
                    "name": "sec-roomvo",
                    "label": "Section - Roomvo",
                    "display": "block",
                    "sub_fields": [
                        {
                            "key": "field_64658c844ec8c",
                            "label": "Section title",
                            "name": "title",
                            "type": "text",
                            "instructions": "",
                            "required": 0,
                            "conditional_logic": 0,
                            "wrapper": {
                                "width": "",
                                "class": "",
                                "id": ""
                            },
                            "default_value": "",
                            "placeholder": "",
                            "prepend": "",
                            "append": "",
                            "maxlength": ""
                        },
                        {
                            "key": "field_64658ccb4ec8d",
                            "label": "Roomvo image",
                            "name": "roomvo_image",
                            "type": "image",
                            "instructions": "",
                            "required": 0,
                            "conditional_logic": 0,
                            "wrapper": {
                                "width": "",
                                "class": "",
                                "id": ""
                            },
                            "return_format": "array",
                            "preview_size": "medium",
                            "library": "all",
                            "min_width": "",
                            "min_height": "",
                            "min_size": "",
                            "max_width": "",
                            "max_height": "",
                            "max_size": "",
                            "mime_types": ""
                        }
                    ],
                    "min": "",
                    "max": ""
                }
            },
            "button_label": "Add Row",
            "min": "",
            "max": ""
        },
        {
            "key": "field_6392f37e08acd",
            "label": "Site Header",
            "name": "",
            "type": "tab",
            "instructions": "",
            "required": 0,
            "conditional_logic": 0,
            "wrapper": {
                "width": "",
                "class": "",
                "id": ""
            },
            "placement": "left",
            "endpoint": 0
        },
        {
            "key": "field_638f07bcff7b1",
            "label": "Main logo",
            "name": "header_logo",
            "type": "image",
            "instructions": "",
            "required": 0,
            "conditional_logic": 0,
            "wrapper": {
                "width": "",
                "class": "",
                "id": ""
            },
            "return_format": "array",
            "preview_size": "medium",
            "library": "all",
            "min_width": "",
            "min_height": "",
            "min_size": "",
            "max_width": "",
            "max_height": "",
            "max_size": "",
            "mime_types": ""
        },
        {
            "key": "field_6392f3c408acf",
            "label": "Social Media Icons",
            "name": "",
            "type": "tab",
            "instructions": "",
            "required": 0,
            "conditional_logic": 0,
            "wrapper": {
                "width": "",
                "class": "",
                "id": ""
            },
            "placement": "left",
            "endpoint": 0
        },
        {
            "key": "field_6392f3ec08ad0",
            "label": "List of icons",
            "name": "social_media_icons",
            "type": "repeater",
            "instructions": "",
            "required": 0,
            "conditional_logic": 0,
            "wrapper": {
                "width": "",
                "class": "",
                "id": ""
            },
            "collapsed": "",
            "min": 0,
            "max": 0,
            "layout": "table",
            "button_label": "",
            "sub_fields": [
                {
                    "key": "field_6392f41908ad1",
                    "label": "Header Icon",
                    "name": "header_icon",
                    "type": "image",
                    "instructions": "",
                    "required": 0,
                    "conditional_logic": 0,
                    "wrapper": {
                        "width": "",
                        "class": "",
                        "id": ""
                    },
                    "return_format": "array",
                    "preview_size": "medium",
                    "library": "all",
                    "min_width": "",
                    "min_height": "",
                    "min_size": "",
                    "max_width": "",
                    "max_height": "",
                    "max_size": "",
                    "mime_types": ""
                },
                {
                    "key": "field_6396fddbb2f15",
                    "label": "Footer Icon",
                    "name": "footer_icon",
                    "type": "image",
                    "instructions": "",
                    "required": 0,
                    "conditional_logic": 0,
                    "wrapper": {
                        "width": "",
                        "class": "",
                        "id": ""
                    },
                    "return_format": "array",
                    "preview_size": "medium",
                    "library": "all",
                    "min_width": "",
                    "min_height": "",
                    "min_size": "",
                    "max_width": "",
                    "max_height": "",
                    "max_size": "",
                    "mime_types": ""
                },
                {
                    "key": "field_6392f42208ad2",
                    "label": "Url",
                    "name": "url",
                    "type": "url",
                    "instructions": "",
                    "required": 0,
                    "conditional_logic": 0,
                    "wrapper": {
                        "width": "",
                        "class": "",
                        "id": ""
                    },
                    "default_value": "",
                    "placeholder": ""
                },
                {
                    "key": "field_6396fed041dbb",
                    "label": "Custom class",
                    "name": "custom_class",
                    "type": "text",
                    "instructions": "",
                    "required": 0,
                    "conditional_logic": 0,
                    "wrapper": {
                        "width": "",
                        "class": "",
                        "id": ""
                    },
                    "default_value": "",
                    "placeholder": "",
                    "prepend": "",
                    "append": "",
                    "maxlength": ""
                }
            ]
        },
        {
            "key": "field_6392f3ac08ace",
            "label": "Site Footer",
            "name": "",
            "type": "tab",
            "instructions": "",
            "required": 0,
            "conditional_logic": 0,
            "wrapper": {
                "width": "",
                "class": "",
                "id": ""
            },
            "placement": "left",
            "endpoint": 0
        },
        {
            "key": "field_6392f488ae63b",
            "label": "Footer Logo",
            "name": "footer_logo",
            "type": "image",
            "instructions": "",
            "required": 0,
            "conditional_logic": 0,
            "wrapper": {
                "width": "",
                "class": "",
                "id": ""
            },
            "return_format": "array",
            "preview_size": "medium",
            "library": "all",
            "min_width": "",
            "min_height": "",
            "min_size": "",
            "max_width": "",
            "max_height": "",
            "max_size": "",
            "mime_types": ""
        },
        {
            "key": "field_6392f517ae63c",
            "label": "Footer menu",
            "name": "footer_menu",
            "type": "repeater",
            "instructions": "",
            "required": 0,
            "conditional_logic": 0,
            "wrapper": {
                "width": "",
                "class": "",
                "id": ""
            },
            "collapsed": "",
            "min": 0,
            "max": 0,
            "layout": "block",
            "button_label": "Add menu item",
            "sub_fields": [
                {
                    "key": "field_6392f52aae63d",
                    "label": "Font Awesome Icon",
                    "name": "icon",
                    "type": "text",
                    "instructions": "<a href=\"https:\/\/fontawesome.com\/v6\/search\" target=\"_blank\">Click here to go the list of icons page, filter the FREE option,select your favorite one, copy the HTML and paste into here<\/a>",
                    "required": 0,
                    "conditional_logic": 0,
                    "wrapper": {
                        "width": "50",
                        "class": "",
                        "id": ""
                    },
                    "default_value": "",
                    "placeholder": "",
                    "prepend": "",
                    "append": "",
                    "maxlength": ""
                },
                {
                    "key": "field_6392f573ae63f",
                    "label": "Menu item title",
                    "name": "menu_item_title",
                    "type": "text",
                    "instructions": "Enter your text here if you would like to change the page title",
                    "required": 0,
                    "conditional_logic": 0,
                    "wrapper": {
                        "width": "50",
                        "class": "",
                        "id": ""
                    },
                    "default_value": "",
                    "placeholder": "",
                    "prepend": "",
                    "append": "",
                    "maxlength": ""
                },
                {
                    "key": "field_63996e73b2cb5",
                    "label": "Menu item type",
                    "name": "menu_item_type",
                    "type": "radio",
                    "instructions": "",
                    "required": 0,
                    "conditional_logic": 0,
                    "wrapper": {
                        "width": "50",
                        "class": "",
                        "id": ""
                    },
                    "choices": {
                        "link_to_file": "Link to file",
                        "link_to_page": "Link to page"
                    },
                    "allow_null": 0,
                    "other_choice": 0,
                    "default_value": "",
                    "layout": "horizontal",
                    "return_format": "value",
                    "save_other_choice": 0
                },
                {
                    "key": "field_641173d82d601",
                    "label": "Link to file",
                    "name": "link_to_file",
                    "type": "file",
                    "instructions": "",
                    "required": 0,
                    "conditional_logic": [
                        [
                            {
                                "field": "field_63996e73b2cb5",
                                "operator": "==",
                                "value": "link_to_file"
                            }
                        ]
                    ],
                    "wrapper": {
                        "width": "50",
                        "class": "",
                        "id": ""
                    },
                    "return_format": "url",
                    "library": "all",
                    "min_size": "",
                    "max_size": 64,
                    "mime_types": ".pdf,.doc,.docx,.xls,.xlsx,.jpp,.jpeg,.png"
                },
                {
                    "key": "field_6392f55dae63e",
                    "label": "Link to page",
                    "name": "link_to_page",
                    "type": "page_link",
                    "instructions": "",
                    "required": 0,
                    "conditional_logic": [
                        [
                            {
                                "field": "field_63996e73b2cb5",
                                "operator": "==",
                                "value": "link_to_page"
                            }
                        ]
                    ],
                    "wrapper": {
                        "width": "50",
                        "class": "",
                        "id": ""
                    },
                    "post_type": [
                        "page"
                    ],
                    "taxonomy": "",
                    "allow_null": 0,
                    "allow_archives": 1,
                    "multiple": 0
                }
            ]
        },
        {
            "key": "field_6392f620b328f",
            "label": "Footer form",
            "name": "footer_form",
            "type": "forms",
            "instructions": "",
            "required": 0,
            "conditional_logic": 0,
            "wrapper": {
                "width": "",
                "class": "",
                "id": ""
            },
            "return_format": "id",
            "allow_null": 0,
            "multiple": 0
        },
        {
            "key": "field_6458d941991bf",
            "label": "Footer Copyright text",
            "name": "footer_copyright_text",
            "type": "text",
            "instructions": "Please keep `%s` character, this will be replaced by current year.",
            "required": 0,
            "conditional_logic": 0,
            "wrapper": {
                "width": "",
                "class": "",
                "id": ""
            },
            "default_value": "Copyright &copy; %s Perfectile. All rights reserved.",
            "placeholder": "",
            "prepend": "",
            "append": "",
            "maxlength": ""
        },
        {
            "key": "field_646b33b9c79af",
            "label": "Collection detail - General settings",
            "name": "",
            "type": "tab",
            "instructions": "",
            "required": 0,
            "conditional_logic": 0,
            "wrapper": {
                "width": "",
                "class": "",
                "id": ""
            },
            "placement": "top",
            "endpoint": 0
        },
        {
            "key": "field_646b349cc79b0",
            "label": "Learn more button text",
            "name": "learn_more_button_text",
            "type": "text",
            "instructions": "",
            "required": 0,
            "conditional_logic": 0,
            "wrapper": {
                "width": "",
                "class": "",
                "id": ""
            },
            "default_value": "Learn more",
            "placeholder": "",
            "prepend": "",
            "append": "",
            "maxlength": ""
        },
        {
            "key": "field_63dc9262da26c",
            "label": "Product detail - General \bsettings",
            "name": "",
            "type": "tab",
            "instructions": "",
            "required": 0,
            "conditional_logic": 0,
            "wrapper": {
                "width": "",
                "class": "",
                "id": ""
            },
            "placement": "left",
            "endpoint": 0
        },
        {
            "key": "field_6458d73bb0251",
            "label": "Collection label",
            "name": "product_collection_label",
            "type": "text",
            "instructions": "This label will be displayed in the Collections section of the a product detail",
            "required": 0,
            "conditional_logic": 0,
            "wrapper": {
                "width": "",
                "class": "",
                "id": ""
            },
            "default_value": "Collections",
            "placeholder": "",
            "prepend": "",
            "append": "",
            "maxlength": ""
        },
        {
            "key": "field_645b4c4f10514",
            "label": "Get in touch label",
            "name": "get_in_touch_label",
            "type": "text",
            "instructions": "",
            "required": 0,
            "conditional_logic": 0,
            "wrapper": {
                "width": "",
                "class": "",
                "id": ""
            },
            "default_value": "",
            "placeholder": "",
            "prepend": "",
            "append": "",
            "maxlength": ""
        },
        {
            "key": "field_645b4c88db0ca",
            "label": "Other colors label",
            "name": "other_colors_label",
            "type": "text",
            "instructions": "",
            "required": 0,
            "conditional_logic": 0,
            "wrapper": {
                "width": "",
                "class": "",
                "id": ""
            },
            "default_value": "",
            "placeholder": "",
            "prepend": "",
            "append": "",
            "maxlength": ""
        },
        {
            "key": "field_63dc9288da26d",
            "label": "Product general sections",
            "name": "product_general_sections",
            "type": "flexible_content",
            "instructions": "These sections will be shown in product detail page for all products",
            "required": 0,
            "conditional_logic": 0,
            "wrapper": {
                "width": "",
                "class": "",
                "id": ""
            },
            "layouts": {
                "layout_63dc934fe1ec6": {
                    "key": "layout_63dc934fe1ec6",
                    "name": "sec-video",
                    "label": "Section - Video",
                    "display": "block",
                    "sub_fields": [
                        {
                            "key": "field_63dc9363da26f",
                            "label": "Poster",
                            "name": "poster",
                            "type": "image",
                            "instructions": "",
                            "required": 0,
                            "conditional_logic": 0,
                            "wrapper": {
                                "width": "",
                                "class": "",
                                "id": ""
                            },
                            "return_format": "array",
                            "preview_size": "medium",
                            "library": "all",
                            "min_width": "",
                            "min_height": "",
                            "min_size": "",
                            "max_width": "",
                            "max_height": "",
                            "max_size": "",
                            "mime_types": ""
                        },
                        {
                            "key": "field_63dc9371da270",
                            "label": "Video",
                            "name": "video",
                            "type": "file",
                            "instructions": "Upload your video with webm or mp4 format",
                            "required": 0,
                            "conditional_logic": 0,
                            "wrapper": {
                                "width": "",
                                "class": "",
                                "id": ""
                            },
                            "return_format": "url",
                            "library": "all",
                            "min_size": "",
                            "max_size": "",
                            "mime_types": "webm,mp4"
                        }
                    ],
                    "min": "",
                    "max": ""
                }
            },
            "button_label": "Add section",
            "min": "",
            "max": ""
        }
    ],
    "location": [
        [
            {
                "param": "options_page",
                "operator": "==",
                "value": "theme-general-settings"
            }
        ]
    ],
    "menu_order": 0,
    "position": "normal",
    "style": "default",
    "label_placement": "top",
    "instruction_placement": "label",
    "hide_on_screen": "",
    "active": true,
    "description": "",
    "show_in_rest": 0,
    "modified": 1684747512
}